"","therapy","change"
"1","cog",1.7
"2","cog",0.7
"3","cog",-0.1
"4","cog",-0.7
"5","cog",-3.5
"6","cog",14.9
"7","cog",3.5
"8","cog",17.1
"9","cog",-7.6
"10","cog",1.6
"11","cog",11.7
"12","cog",6.1
"13","cog",1.1
"14","cog",-4
"15","cog",20.9
"16","cog",-9.1
"17","cog",2.1
"18","cog",-1.4
"19","cog",1.4
"20","cog",-0.3
"21","cog",-3.7
"22","cog",-0.8
"23","cog",2.4
"24","cog",12.6
"25","cog",1.9
"26","cog",3.9
"27","cog",0.1
"28","cog",15.4
"29","cog",-0.7
"30","cog",-0.37
"31","cog",2.07
"32","cog",-0.69
"33","cog",0.32
"34","cont",-0.5
"35","cont",-9.3
"36","cont",-5.4
"37","cont",12.3
"38","cont",-2
"39","cont",-10.2
"40","cont",-12.2
"41","cont",11.6
"42","cont",-7.1
"43","cont",6.2
"44","cont",-0.2
"45","cont",-9.2
"46","cont",8.3
"47","cont",3.3
"48","cont",11.3
"49","cont",0
"50","cont",-1
"51","cont",-10.6
"52","cont",-4.6
"53","cont",-6.7
"54","cont",2.8
"55","cont",0.3
"56","cont",1.8
"57","cont",3.7
"58","cont",15.9
"59","cont",-10.2
"60","cont",-0.97
"61","cont",-0.07
"62","cont",-1.77
"63","cont",-1.5
"64","cont",0.6
"65","cont",-0.07
