"","length"
"1",46.1
"2",50
"3",48.7
"4",50
"5",47.6
"6",46.5
"7",45.4
"8",46.7
"9",43.3
"10",46.8
"11",40.9
"12",49
"13",45.5
"14",48.4
"15",45.8
"16",49.3
"17",42
"18",49.2
"19",46.2
"20",48.7
"21",50.2
"22",45.1
"23",46.5
"24",46.3
"25",42.9
"26",46.1
"27",44.5
"28",47.8
"29",48.2
"30",50
"31",47.3
"32",42.8
"33",45.1
"34",59.6
"35",49.1
"36",48.4
"37",42.6
"38",44.4
"39",44
"40",48.7
"41",42.7
"42",49.6
"43",45.3
"44",49.6
"45",50.5
"46",43.6
"47",45.5
"48",50.5
"49",44.9
"50",45.2
"51",46.6
"52",48.5
"53",45.1
"54",50.1
"55",46.5
"56",45
"57",43.8
"58",45.5
"59",43.2
"60",50.4
"61",45.3
"62",46.2
"63",45.7
"64",54.3
"65",45.8
"66",49.8
"67",46.2
"68",49.5
"69",43.5
"70",50.7
"71",47.7
"72",46.4
"73",48.2
"74",46.5
"75",46.4
"76",48.6
"77",47.5
"78",51.1
"79",45.2
"80",45.2
"81",49.1
"82",52.5
"83",47.4
"84",50
"85",44.9
"86",50.8
"87",43.4
"88",51.3
"89",47.5
"90",52.1
"91",47.5
"92",52.2
"93",45.5
"94",49.5
"95",44.5
"96",50.8
"97",49.4
"98",46.9
"99",48.4
"100",51.1
"101",48.5
"102",55.9
"103",47.2
"104",49.1
"105",47.3
"106",46.8
"107",41.7
"108",53.4
"109",43.3
"110",48.1
"111",50.5
"112",49.8
"113",43.5
"114",51.5
"115",46.2
"116",55.1
"117",44.5
"118",48.8
"119",47.2
"120",46.8
"121",50.4
"122",45.2
"123",49.9
