mod.type,result
A,susceptible
A,susceptible
A,non-susceptible
A,non-susceptible
A,non-susceptible
A,non-susceptible
A,non-susceptible
A,non-susceptible
A,non-susceptible
A,non-susceptible
A,susceptible
A,non-susceptible
A,non-susceptible
A,non-susceptible
A,susceptible
A,non-susceptible
A,susceptible
A,non-susceptible
A,non-susceptible
A,non-susceptible
A,non-susceptible
A,susceptible
A,non-susceptible
A,susceptible
A,non-susceptible
A,susceptible
A,susceptible
A,susceptible
A,susceptible
A,susceptible
A,non-susceptible
A,susceptible
A,non-susceptible
A,non-susceptible
A,susceptible
A,non-susceptible
A,susceptible
A,susceptible
A,non-susceptible
A,susceptible
A,susceptible
A,non-susceptible
A,non-susceptible
A,susceptible
A,susceptible
A,susceptible
A,non-susceptible
A,susceptible
A,susceptible
A,susceptible
A,non-susceptible
A,susceptible
A,susceptible
A,susceptible
A,non-susceptible
A,susceptible
A,susceptible
A,non-susceptible
A,susceptible
A,non-susceptible
A,susceptible
A,susceptible
A,non-susceptible
A,susceptible
A,non-susceptible
A,non-susceptible
A,susceptible
A,susceptible
A,non-susceptible
A,non-susceptible
A,susceptible
A,non-susceptible
A,non-susceptible
A,non-susceptible
A,susceptible
A,susceptible
A,susceptible
A,susceptible
A,non-susceptible
A,susceptible
A,susceptible
A,non-susceptible
A,susceptible
A,susceptible
A,non-susceptible
A,susceptible
A,susceptible
A,non-susceptible
A,non-susceptible
A,susceptible
A,non-susceptible
A,susceptible
A,susceptible
A,non-susceptible
A,non-susceptible
A,non-susceptible
A,susceptible
A,susceptible
A,non-susceptible
A,non-susceptible
A,susceptible
A,non-susceptible
A,susceptible
A,susceptible
B,susceptible
B,susceptible
B,non-susceptible
B,susceptible
B,non-susceptible
B,non-susceptible
B,non-susceptible
B,non-susceptible
B,susceptible
B,susceptible
B,susceptible
B,susceptible
B,non-susceptible
B,susceptible
B,non-susceptible
B,non-susceptible
B,susceptible
B,susceptible
B,susceptible
B,non-susceptible
B,susceptible
B,non-susceptible
B,non-susceptible
B,susceptible
B,non-susceptible
B,non-susceptible
B,non-susceptible
B,non-susceptible
B,susceptible
B,non-susceptible
B,non-susceptible
B,susceptible
B,non-susceptible
B,non-susceptible
B,non-susceptible
B,non-susceptible
B,non-susceptible
B,non-susceptible
B,susceptible
B,non-susceptible
B,non-susceptible
B,non-susceptible
B,non-susceptible
B,non-susceptible
B,non-susceptible
B,susceptible
B,non-susceptible
B,susceptible
B,susceptible
B,susceptible
B,non-susceptible
B,non-susceptible
B,non-susceptible
B,susceptible
B,non-susceptible
B,non-susceptible
B,susceptible
B,non-susceptible
B,non-susceptible
B,non-susceptible
B,non-susceptible
B,non-susceptible
B,non-susceptible
B,susceptible
B,non-susceptible
B,non-susceptible
B,non-susceptible
B,non-susceptible
B,non-susceptible
B,susceptible
B,non-susceptible
B,non-susceptible
B,non-susceptible
B,susceptible
B,non-susceptible
B,susceptible
B,non-susceptible
B,non-susceptible
B,non-susceptible
B,non-susceptible
B,non-susceptible
B,susceptible
B,non-susceptible
B,non-susceptible
B,non-susceptible
B,non-susceptible
B,susceptible
B,non-susceptible
B,susceptible
B,susceptible
